House,intersect_Herbology,intersect_Defense Against the Dark Arts,weight_Herbology,weight_Defense Against the Dark Arts
Gryffindor,-0.8256568189079727,-0.8583283617138906,-0.600444567163581,-0.36290844815407913
Hufflepuff,-0.510051447806243,-0.5003425199437284,0.47462713768327947,-0.6225499729892496
Ravenclaw,-0.6551364861761587,-0.6268348770355721,0.3892341996046222,0.6490597778466803
Slytherin,-0.9176729549379474,-0.9342983230239705,-0.5557000535164831,0.45251439150993417
